Ime igralca;Minut/tekmo;Točke;Skoki;Podaje;FG%;FG3%;FT%
A,J, Lawson;12,8;6,7;2,6;0,5;0,51;0,451;0,619
AJ Green;10,7;4,7;1,4;0,7;0,413;0,402;1,0
AJ Griffin;19,5;8,9;2,1;1,0;0,465;0,39;0,894
AJ Reeves;10,2;4,5;1,5;0,0;0,5;0,5;0,0
Aamir Simms;4,1;1,3;0,0;0,0;0,333;0,0;1,0
Aaron Gordon;30,2;16,3;6,6;3,0;0,564;0,347;0,608
Aaron Henry;9,2;2,0;1,3;0,3;0,375;0,0;0,0
Aaron Holiday;13,4;3,9;1,2;1,4;0,418;0,409;0,844
Aaron Nesmith;24,9;10,1;3,9;1,3;0,418;0,359;0,831
Aaron Wheeler;7,5;3,0;1,5;0,0;0,667;0,0;0,8
Aaron Wiggins;18,8;7,1;3,0;1,1;0,52;0,406;0,833
Abdul Gaddy;22,4;3,5;2,0;4,5;0,231;0,143;0,0
Abu Kigab;14,5;7,5;5,0;2,0;0,5;0,0;0,333
Ade Murkey;16,1;4,7;2,8;1,0;0,345;0,263;1,0
Admiral Schofield;12,5;4,4;1,8;0,8;0,45;0,341;0,9
Adonis Arms;14,3;9,4;3,2;1,8;0,548;0,583;0,6
Ahmad Caver;16,2;5,2;3,2;2,6;0,476;0,0;0,545
Akoldah Gak;8,4;1,0;1,5;0,5;1,0;0,0;0,0
Al Horford;30,5;9,8;6,2;3,0;0,476;0,446;0,714
Alec Burks;22,0;12,8;3,1;2,2;0,436;0,414;0,814
Aleem Ford;18,0;5,0;3,0;0,7;0,235;0,214;1,0
Aleksej Pokusevski;20,6;8,3;4,8;1,9;0,431;0,362;0,667
Alessandro Pajola;20,9;2,5;1,8;4,5;0,231;0,25;0,667
Alex Barcello;8,9;3,3;1,7;2,0;0,364;0,333;0,0
Alex Caruso;23,5;5,6;2,9;2,9;0,455;0,364;0,808
Alex Len;6,2;1,7;2,3;0,5;0,533;0,0;0,688
Alex Morales;13,5;5,0;2,4;1,0;0,417;0,5;0,333
Alex O'Connell;15,6;5,6;4,4;0,6;0,375;0,182;1,0
Alize Johnson;7,4;1,8;2,5;0,3;0,5;0,0;0,5
Alondes Williams;17,1;3,8;2,2;2,2;0,32;0,0;0,875
Alperen Sengun;28,9;14,8;9,0;3,9;0,553;0,333;0,715
Alpha Kaba;11,8;4,8;3,4;0,2;0,647;0,0;0,333
Amadou Sow;13,6;4,3;3,3;1,3;0,444;0,5;0,75
Amar Sylla;18,9;10,2;4,0;0,4;0,71;0,333;0,75
Amauri Hardy;13,2;8,3;2,3;1,7;0,478;0,25;1,0
Aminu Mohammed;11,9;3,7;2,7;0,8;0,5;0,5;0,556
Amir Coffey;12,5;3,4;1,1;1,1;0,386;0,275;0,778
Andre Drummond;12,7;6,0;6,6;0,5;0,606;0,0;0,536
Andre Iguodala;14,1;2,1;2,1;2,4;0,467;0,111;0,667
Andrew Nembhard;27,6;9,3;2,7;4,6;0,436;0,343;0,803
Andrew Wiggins;32,2;17,1;5,0;2,3;0,473;0,396;0,611
Anfernee Simons;35,0;21,1;2,6;4,1;0,447;0,377;0,894
Anthony Davis;34,0;25,9;12,5;2,6;0,563;0,257;0,784
Anthony Duruji;13,3;3,0;2,5;0,0;0,667;1,0;0,0
Anthony Edwards;36,0;24,6;5,8;4,4;0,459;0,369;0,756
Anthony Gill;10,6;3,3;1,7;0,6;0,538;0,138;0,731
Anthony Lamb;19,3;6,7;3,5;1,5;0,471;0,367;0,767
Anthony Lamb;17,0;3,0;3,4;1,6;0,316;0,214;0,0
Anthony Polite;3,9;3,0;1,0;0,0;1,0;1,0;0,0
Anthony Tarke;11,4;2,3;2,0;2,3;0,6;0,0;0,5
Aric Holman;12,7;6,2;4,0;0,4;0,345;0,222;0,636
Armoni Brooks;22,1;13,8;3,3;2,0;0,385;0,275;0,571
Arturs Zagars;7,9;1,8;0,3;0,5;0,429;0,2;0,0
Ashton Hagans;15,5;2,5;1,8;1,5;0,133;0,0;0,75
Aubrey Dawkins;17,6;5,8;1,8;1,3;0,333;0,188;1,0
Austin Reaves;28,8;13,0;3,0;3,4;0,529;0,398;0,864
Austin Rivers;19,5;4,9;1,6;1,4;0,435;0,35;0,769
Ayo Dosunmu;26,2;8,6;2,8;2,6;0,493;0,312;0,805
Balsa Koprivica;11,3;4,0;4,0;0,5;0,8;0,0;0,0
Bam Adebayo;34,6;20,4;9,2;3,2;0,54;0,083;0,806
Ben Simmons;26,3;6,9;6,3;6,1;0,566;0,0;0,439
Bennedict Mathurin;28,3;16,8;4,1;1,5;0,436;0,325;0,826
Bennie Boatwright;11,6;6,7;3,3;0,0;0,364;0,231;0,333
Bismack Biyombo;14,3;4,3;4,3;0,9;0,578;0,0;0,357
Blake Griffin;13,9;4,1;3,8;1,5;0,485;0,348;0,656
Blake Wesley;19,6;6,4;2,4;2,8;0,315;0,369;0,648
Boban Marjanović;5,5;3,3;1,9;0,3;0,683;0,0;0,741
Bobby Portis;26,0;14,1;9,6;1,5;0,496;0,37;0,768
Bogdan Bogdanović;27,9;14,0;3,1;2,8;0,447;0,406;0,831
Bojan Bogdanović;32,1;21,6;3,8;2,6;0,488;0,411;0,884
Bol Bol;21,5;9,1;5,8;1,0;0,546;0,265;0,759
Bones Hyland;19,4;11,8;2,4;3,1;0,399;0,371;0,843
Borisa Simanic;14,8;4,8;4,5;0,0;0,462;0,375;0,571
Both Gach;11,2;3,0;2,0;0,0;1,0;1,0;0,0
Bradley Beal;33,5;23,2;3,9;5,4;0,506;0,365;0,842
Brady Manek;14,7;7,0;4,0;1,2;0,382;0,304;1,0
Brancou Badio;11,5;4,0;0,7;2,3;0,25;0,2;0,833
Brandon Boston;14,3;7,8;2,1;1,0;0,39;0,37;0,738
Brandon Childress;18,1;5,0;1,0;3,0;0,286;0,0;1,0
Brandon Clarke;19,5;10,0;5,5;1,3;0,656;0,167;0,719
Brandon Ingram;34,2;24,7;5,5;5,8;0,484;0,39;0,882
Brandon Williams;25,2;13,4;3,2;4,4;0,314;0,174;0,838
Braxton Key;17,6;8,1;4,0;1,5;0,489;0,353;0,75
Brison Gresham;3,0;0,7;0,7;0,0;1,0;0,0;0,0
Brodric Thomas;26,8;13,3;5,3;2,5;0,516;0,522;0,692
Brook Lopez;30,4;15,9;6,7;1,3;0,531;0,374;0,784
Bruce Brown;28,5;11,5;4,1;3,4;0,483;0,358;0,758
Bruno Caboclo;22,1;12,0;6,4;1,0;0,605;0,3;0,786
Bruno Fernando;10,4;3,9;3,5;0,8;0,527;0,0;0,7
Bryce Hamilton;14,9;3,4;2,6;0,1;0,375;0,0;0,5
Bryce McGowens;18,4;6,3;2,2;1,3;0,382;0,352;0,748
Bryce Wills;12,9;5,3;1,7;2,7;0,357;0,5;0,75
Bryn Forbes;10,7;3,6;0,6;0,7;0,361;0,304;1,0
Bryson Williams;14,3;5,2;3,2;0,8;0,391;0,0;0,667
Buddy Boeheim;12,5;3,4;1,1;0,5;0,298;0,234;1,0
Buddy Hield;31,0;16,8;5,0;2,8;0,458;0,425;0,822
CJ McCollum;35,3;20,9;4,4;5,7;0,437;0,389;0,769
Cade Cunningham;33,3;19,9;6,2;6,0;0,415;0,279;0,837
Caleb Homesley;26,3;7,5;2,8;2,3;0,344;0,304;0,5
Caleb Houstan;16,9;4,1;2,1;0,6;0,356;0,323;0,842
Caleb Martin;29,3;9,6;4,8;1,6;0,464;0,356;0,805
Cam Reddish;24,7;9,7;2,2;1,4;0,446;0,313;0,853
Cam Reynolds;19,4;9,8;3,2;1,2;0,436;0,407;1,0
Cam Thomas;17,7;12,0;1,7;1,6;0,441;0,368;0,868
Cameron Johnson;28,6;15,5;4,4;1,9;0,47;0,404;0,842
Cameron Payne;20,2;10,3;2,2;4,5;0,415;0,368;0,766
Cameron Young;22,8;13,4;2,0;0,4;0,34;0,231;0,871
Caris LeVert;30,2;12,1;3,8;3,9;0,431;0,392;0,722
Carlik Jones;15,0;6,8;1,6;3,1;0,509;0,583;0,762
Cassius Winston;26,4;9,8;2,8;7,0;0,5;0,25;0,9
Cedi Osman;20,1;8,7;2,3;1,5;0,451;0,372;0,694
Chance Comanche;20,8;7,0;3,0;0,0;0,6;0,0;0,25
Chandler Hutchison;16,7;6,5;2,3;1,0;0,462;0,0;0,824
Charles Bassey;14,5;5,7;5,5;1,4;0,644;0,375;0,595
Charles Bassey;20,7;7,8;6,0;0,3;0,463;0,2;0,8
Charlie Brown Jr,;22,7;11,4;4,4;1,4;0,393;0,296;0,889
Charlie Moore;22,7;9,3;2,8;6,8;0,441;0,467;0,0
Chaundee Brown Jr,;23,4;14,4;3,6;1,0;0,456;0,4;1,0
Chet Holmgren;26,2;14,0;8,4;2,8;0,479;0,421;0,941
Chima Moneke;4,0;1,0;1,0;0,5;0,5;0,0;0,0
Chimezie Metu;10,4;4,9;3,0;0,6;0,589;0,237;0,74
Chris Boucher;20,0;9,4;5,5;0,4;0,493;0,328;0,762
Chris Clemons;16,2;8,3;2,0;2,0;0,414;0,286;1,0
Chris Duarte;19,6;8,0;2,5;1,4;0,371;0,318;0,864
Chris Paul;32,0;13,9;4,3;8,9;0,44;0,375;0,831
Chris Silva;3,0;2,0;0,0;0,0;1,0;0,0;0,0
Christian Braun;16,2;5,1;2,6;1,0;0,464;0,308;0,61
Christian Koloko;14,5;3,5;3,0;0,6;0,455;0,176;0,611
Christian Terrell;5,0;0,0;0,0;0,0;0,0;0,0;0,0
Christian Vital;14,0;4,3;4,0;1,3;0,313;0,231;0,0
Christian Wood;25,9;16,6;7,3;1,8;0,515;0,376;0,772
Chuma Okeke;19,2;4,7;3,6;1,4;0,352;0,302;0,762
Clint Capela;26,6;12,0;11,0;0,9;0,653;0,0;0,603
Coby White;23,4;9,7;2,9;2,8;0,443;0,372;0,871
Cody Martin;19,1;5,0;3,4;1,6;0,389;0,214;0,571
Cody Zeller;14,4;6,5;4,3;0,7;0,627;0,0;0,686
Colbey Ross;15,7;6,2;2,2;2,6;0,458;0,375;0,6
Cole Anthony;25,9;13,0;4,8;3,9;0,454;0,364;0,894
Cole Swider;15,2;8,0;2,6;0,7;0,5;0,508;0,778
Collin Gillespie;28,2;11,3;5,3;4,3;0,395;0,28;0,8
Collin Sexton;23,9;14,3;2,2;2,9;0,506;0,393;0,819
Corey Kispert;28,3;11,1;2,8;1,2;0,497;0,424;0,852
Cory Joseph;19,8;6,9;1,7;3,5;0,427;0,389;0,792
Craig Randall II;20,5;7,3;3,3;1,0;0,306;0,261;0,333
Craig Sword;11,7;3,2;1,0;0,8;0,667;0,5;1,0
D'Angelo Russell;32,5;17,8;3,0;6,2;0,469;0,396;0,829
D'Shawn Schwartz;4,3;2,0;1,0;0,0;0,0;0,0;1,0
D,J, Funderburk;21,9;8,0;7,5;0,5;0,231;0,0;0,667
D,J, Wilson;25,7;10,5;5,3;1,5;0,395;0,333;1,0
DJ Steward;15,7;7,3;3,0;2,3;0,367;0,364;0,75
DJ Stewart;21,9;8,4;2,4;1,6;0,567;0,5;0,429
DaQuan Jeffries;21,7;8,2;4,2;1,4;0,483;0,462;1,0
Daeqwon Plowden;16,1;12,0;4,0;0,7;0,647;0,5;0,909
Daishen Nix;17,0;4,7;1,9;2,5;0,362;0,306;0,586
Dakota Mathias;14,6;4,8;3,5;1,7;0,435;0,25;1,0
Dalano Banton;11,3;5,9;1,9;1,5;0,435;0,328;0,762
Dalen Terry;7,6;3,3;1,3;0,8;0,486;0,294;0,744
Damian Jones;11,6;3,5;3,0;0,4;0,64;0,588;0,759
Damian Lillard;36,3;32,2;4,8;7,3;0,463;0,371;0,914
Damion Lee;20,4;8,2;3,0;1,3;0,442;0,445;0,904
Daniel Gafford;20,6;9,0;5,6;1,1;0,732;0,0;0,679
Daniel Oturu;18,3;10,0;4,0;0,0;1,0;0,0;0,0
Daniel Theis;15,5;7,0;3,1;1,3;0,477;0,182;0,417
Danny Green;12,6;5,5;1,3;0,5;0,449;0,432;1,0
Danuel House Jr,;14,4;4,8;1,7;0,8;0,472;0,336;0,75
Dario Šarić;14,1;6,4;3,6;1,3;0,458;0,391;0,829
Darius Bazley;14,3;5,2;3,2;0,9;0,454;0,377;0,543
Darius Days;6,2;3,8;1,5;0,3;0,417;0,3;1,0
Darius Days;21,8;13,7;10,0;0,3;0,556;0,375;1,0
Darius Garland;35,5;21,6;2,7;7,8;0,462;0,41;0,863
Darryl Morsell;15,7;5,0;3,3;1,0;0,348;0,3;0,25
David Collins;2,7;0,0;0,0;0,0;0,0;0,0;0,0
David DiLeo;17,7;6,7;2,0;1,0;0,316;0,235;1,0
David Duke Jr,;13,2;6,4;1,9;1,5;0,476;0,188;0,783
David Johnson;15,9;3,8;3,0;1,0;0,273;0,182;0,25
David McCormack;18,9;7,0;6,0;0,5;0,429;0,0;0,667
David Roddy;18,4;7,3;2,9;0,9;0,431;0,293;0,7
Davion Mintz;10,4;4,3;0,0;0,7;0,444;0,429;0,5
Davion Mitchell;18,1;5,6;1,3;2,3;0,454;0,32;0,806
Davon Reed;8,0;2,1;1,4;0,5;0,333;0,37;0,667
Day'Ron Sharpe;12,9;5,5;4,7;0,9;0,538;0,429;0,62
De'Aaron Fox;33,4;25,0;4,2;6,1;0,512;0,324;0,78
De'Andre Hunter;31,7;15,4;4,2;1,4;0,461;0,35;0,826
De'Anthony Melton;27,9;10,1;4,1;2,6;0,425;0,39;0,793
DeAndre Jordan;15,0;5,1;5,2;0,9;0,765;1,0;0,458
DeMar DeRozan;36,2;24,5;4,6;5,1;0,504;0,324;0,872
Dean Wade;20,3;4,7;3,4;0,8;0,412;0,354;0,652
Deandre Ayton;30,4;18,0;10,0;1,7;0,589;0,292;0,76
Deividas Sirvydis;22,5;15,5;5,3;1,0;0,457;0,419;0,778
Dejan Vasiljevic;8,3;5,0;0,8;0,6;0,409;0,368;0,0
Dejounte Murray;36,4;20,5;5,3;6,1;0,464;0,344;0,832
Delon Wright;24,4;7,4;3,6;3,9;0,474;0,345;0,867
Deni Avdija;26,6;9,2;6,4;2,8;0,437;0,297;0,739
Dennis Schröder;30,1;12,6;2,5;4,5;0,415;0,329;0,857
Dennis Smith Jr,;25,7;8,8;3,1;4,8;0,412;0,216;0,736
Deonte Burton;10,9;2,7;3,3;1,0;0,273;0,0;0,667
Deonte Burton;3,2;0,0;0,0;0,0;0,0;0,0;0,0
Dereon Seabron;10,4;4,5;1,9;1,2;0,425;0,5;0,875
Derrick Alston Jr,;22,5;9,0;2,6;0,2;0,441;0,211;0,647
Derrick Jones Jr,;14,0;5,0;2,4;0,5;0,5;0,338;0,738
Derrick Rose;12,5;5,6;1,5;1,7;0,384;0,302;0,917
Derrick White;28,3;12,4;3,6;3,9;0,462;0,381;0,875
Desmond Bane;31,7;21,5;5,0;4,4;0,479;0,408;0,883
Devin Booker;34,6;27,8;4,5;5,5;0,494;0,351;0,855
Devin Cannady;25,0;10,8;2,8;0,5;0,282;0,265;1,0
Devin Vassell;31,0;18,5;3,9;3,6;0,439;0,387;0,78
Devon Daniels;14,2;6,0;2,0;3,0;0,75;0,0;0,0
Devon Dotson;13,0;3,6;2,5;2,5;0,279;0,231;0,643
Devonte' Graham;18,3;7,4;1,7;2,7;0,374;0,352;0,748
Dewan Hernandez;20,1;8,4;5,2;1,4;0,6;0,0;0,632
Dewayne Dedmon;11,2;5,2;3,5;0,7;0,51;0,308;0,673
Didi Louzada;14,9;0,3;1,3;1,0;0,0;0,0;0,5
Dillon Brooks;30,3;14,3;3,3;2,6;0,396;0,326;0,779
Domantas Sabonis;34,6;19,1;12,3;7,3;0,615;0,373;0,742
Dominick Barlow;15,2;4,4;4,0;0,9;0,537;0,0;0,7
Donovan Mitchell;35,8;28,3;4,3;4,4;0,484;0,386;0,867
Donovan Williams;7,8;3,6;1,2;0,2;0,667;0,75;0,75
Donovan Williams;2,1;2,0;1,0;0,0;0,4;0,0;0,0
Donte DiVincenzo;26,3;9,4;4,5;3,5;0,435;0,397;0,817
Dorian Finney-Smith;30,4;8,3;4,8;1,5;0,391;0,337;0,763
Doug McDermott;20,5;10,2;2,2;1,4;0,457;0,413;0,757
Drake Jeffries;5,4;6,0;0,0;0,0;0,667;0,667;0,0
Draymond Green;31,5;8,5;7,2;6,8;0,527;0,305;0,713
Drew Eubanks;20,3;6,6;5,4;1,3;0,641;0,389;0,664
Dru Smith;10,6;2,9;1,6;1,5;0,4;0,263;1,0
Dru Smith;22,2;12,0;1,7;1,7;0,464;0,286;1,0
Duane Washington Jr,;12,7;7,9;1,2;2,0;0,367;0,36;0,667
Duane Washington Jr,;18,7;8,0;2,3;2,7;0,346;0,222;1,0
Duncan Robinson;16,4;6,4;1,6;1,1;0,371;0,328;0,906
Duop Reath;9,2;6,5;4,0;0,0;0,6;0,0;0,333
Dustin Sleva;14,0;3,8;2,5;1,3;0,6;0,25;1,0
Dusty Hannahs;11,5;2,5;1,0;1,0;0,4;0,5;0,0
Dwight Powell;19,2;6,7;4,1;0,9;0,732;0,0;0,667
Dylan Windler;3,5;1,7;0,0;0,3;0,667;0,5;0,0
Dyson Daniels;17,5;3,8;3,2;2,3;0,408;0,307;0,643
Dāvis Bertāns;10,9;4,6;1,2;0,5;0,431;0,39;0,867
E,J, Liddell;18,6;4,0;4,0;1,0;0,444;0,0;0,0
EJ Onu;8,5;2,0;1,6;0,4;0,8;1,0;0,333
Edmond Sumner;13,9;7,1;1,5;1,3;0,461;0,356;0,917
Eli Brooks;9,7;3,3;1,3;2,7;0,571;0,0;1,0
Elijah Brown;9,4;2,8;1,5;0,8;0,444;0,4;1,0
Elijah Stewart;28,2;12,7;3,7;4,3;0,378;0,3;0,667
Emanuel Terry;23,0;7,0;7,6;0,2;0,458;0,5;0,55
Eric Gordon;28,5;12,4;1,9;2,7;0,446;0,371;0,821
Eron Gordon;4,2;0,0;0,0;0,0;0,0;0,0;0,0
Ethan Thompson;12,9;6,8;2,0;1,0;0,524;0,364;0,615
Eugene Omoruyi;16,1;7,0;2,8;0,7;0,443;0,281;0,68
Eugene Omoruyi;16,1;8,2;2,8;0,5;0,472;0,125;0,778
Evan Fournier;17,0;6,1;1,8;1,3;0,337;0,307;0,857
Evan Mobley;34,4;16,2;9,0;2,8;0,554;0,216;0,674
Evans Ganapamo;2,8;0,0;0,0;0,0;0,0;0,0;0,0
Fabian White Jr,;12,2;3,6;4,4;0,2;0,438;0,333;1,0
Facundo Campazzo;6,5;1,3;0,3;1,1;0,231;0,273;0,5
Fanbo Zeng;10,1;5,0;1,0;0,0;0,556;0,4;0,727
Feron Hunt;28,6;11,4;4,0;2,4;0,489;0,273;0,667
Filip Petrusev;12,0;5,5;2,3;1,0;0,533;0,333;1,0
Frank Jackson;5,1;0,0;2,0;1,0;0,0;0,0;0,0
Frank Kaminsky;6,5;2,5;1,4;0,9;0,492;0,394;0,875
Frank Ntilikina;12,9;2,9;1,3;1,2;0,364;0,254;0,667
Frankie Ferrari;24,9;6,7;3,8;5,5;0,333;0,25;1,0
Franz Wagner;32,6;18,6;4,1;3,5;0,485;0,361;0,842
Fred Sims Jr,;2,5;2,0;0,0;0,0;0,4;0,5;0,0
Fred VanVleet;36,7;19,3;4,1;7,2;0,393;0,342;0,898
Furkan Korkmaz;9,6;3,8;1,1;0,6;0,432;0,391;0,722
Gabe Brown;18,4;8,8;3,0;0,6;0,4;0,345;1,0
Gabe Vincent;25,9;9,4;2,1;2,5;0,402;0,334;0,872
Gabe York;16,5;6,5;1,8;2,0;0,37;0,35;1,0
Gabriel Chachashvili;15,1;3,8;3,0;0,3;0,4;0,2;0,545
Garrett Temple;6,5;2,0;0,7;0,5;0,4;0,423;0,75
Garrison Brooks;2,9;0,0;1,5;0,0;0,0;0,0;0,0
Garrison Mathews;12,7;4,8;1,4;0,5;0,363;0,35;0,906
Gary Harris;24,7;8,3;2,0;1,2;0,45;0,431;0,9
Gary Payton II;16,7;4,6;3,1;1,4;0,594;0,5;0,857
Gary Trent Jr,;32,1;17,4;2,6;1,6;0,433;0,369;0,839
George Conditt IV;9,8;2,5;3,0;0,5;0,667;0,0;1,0
George Hill;18,1;5,0;1,8;2,4;0,47;0,358;0,764
George King;11,4;2,0;2,0;0,7;0,2;0,222;0,0
Georges Niang;19,4;8,2;2,4;1,0;0,442;0,401;0,867
Giannis Antetokounmpo;32,1;31,1;11,8;5,7;0,553;0,275;0,645
Goga Bitadze;12,0;4,4;3,6;1,0;0,552;0,231;0,548
Goran Dragic;15,0;6,3;1,4;2,6;0,421;0,359;0,689
Gordon Hayward;31,5;14,7;4,3;4,1;0,475;0,325;0,811
Gorgui Dieng;11,6;3,9;3,5;1,7;0,385;0,28;0,769
Grant Golden;9,3;3,0;3,5;0,5;0,4;0,0;0,0
Grant Riller;11,6;8,0;1,0;2,0;0,488;0,333;0,786
Grant Williams;25,9;8,1;4,6;1,7;0,454;0,395;0,77
Grayson Allen;27,4;10,4;3,3;2,3;0,44;0,399;0,905
Greg Brown III;8,3;2,8;1,9;0,3;0,477;0,111;0,52
Greg Malinowski;15,8;8,0;0,0;1,0;0,667;0,667;0,5
Gui Santos;21,9;10,9;3,3;1,6;0,463;0,381;0,621
Guo Haowen;9,2;5,0;0,5;1,0;0,6;1,0;0,375
Hamidou Diallo;17,8;9,3;3,5;1,0;0,573;0,238;0,588
Harrison Barnes;32,5;15,0;4,5;1,6;0,473;0,374;0,847
Haywood Highsmith;19,2;5,2;3,9;0,9;0,436;0,326;0,523
Henri Drell;14,7;5,0;2,3;1,0;0,4;0,182;0,667
Herbert Jones;29,6;9,8;4,1;2,5;0,469;0,335;0,764
Hugo Besson;11,4;2,5;2,3;0,3;0,188;0,167;1,0
Immanuel Quickley;28,9;14,9;4,2;3,4;0,448;0,37;0,819
Isaac Okoro;21,7;6,4;2,5;1,1;0,494;0,363;0,757
Isaiah Brown;7,2;0,0;0,5;0,0;0,0;0,0;0,0
Isaiah Hartenstein;19,9;5,0;6,5;1,2;0,535;0,216;0,676
Isaiah Jackson;16,8;7,3;4,7;0,8;0,561;0,188;0,645
Isaiah Joe;19,1;9,5;2,4;1,2;0,441;0,409;0,82
Isaiah Joe;23,9;15,8;3,0;2,4;0,491;0,526;0,625
Isaiah Livers;23,3;6,9;2,8;0,8;0,418;0,366;0,813
Isaiah Miller;15,6;3,5;2,8;2,5;0,368;0,0;0,0
Isaiah Mobley;12,7;4,4;3,5;1,1;0,367;0,208;0,667
Isaiah Roby;11,3;4,1;2,6;0,9;0,432;0,3;0,488
Isaiah Stewart;28,3;11,4;8,1;1,4;0,448;0,336;0,742
Isaiah Todd;16,5;4,9;2,6;0,5;0,294;0,256;0,75
Ish Smith;9,3;2,5;1,3;2,3;0,397;0,167;0,5
Ish Wainright;15,9;4,7;2,4;1,0;0,377;0,342;0,841
Isiah Brown;5,5;4,0;2,0;0,5;0,5;1,0;0,5
Ismael Kamagate;19,3;5,4;5,0;0,4;0,8;0,0;1,0
Iverson Molinar;13,1;5,5;1,5;1,0;0,714;0,0;0,5
Ivica Zubac;28,5;10,8;9,9;1,0;0,634;0,0;0,697
JD Davison;5,5;1,6;0,8;0,9;0,421;0,286;0,5
JD Davison;30,3;13,0;4,8;8,2;0,434;0,467;0,857
JD Notae;11,5;3,0;1,5;1,0;0,25;0,25;0,25
JT Thor;14,8;4,4;2,3;0,6;0,402;0,324;0,671
Ja Morant;31,9;26,2;5,9;8,1;0,466;0,307;0,748
JaMychal Green;14,0;6,4;3,6;0,9;0,54;0,378;0,776
JaVale McGee;8,4;4,4;2,5;0,3;0,64;0,4;0,585
Jabari Smith Jr,;30,9;12,9;7,3;1,3;0,406;0,304;0,785
Jabari Walker;12,0;4,6;2,9;0,7;0,451;0,314;0,767
Jack White;6,9;2,7;2,4;0,4;0,571;0,385;0,636
Jacob Gilyard;11,3;2,7;1,0;0,3;0,375;0,286;0,0
Jacob Gilyard;16,5;1,7;2,3;2,3;0,2;0,0;0,5
Jacob Gilyard;40,8;3,0;4,0;7,0;0,333;0,333;0,0
Jaden Hardy;16,1;9,3;2,1;1,5;0,422;0,385;0,794
Jaden Ivey;30,8;16,3;3,9;5,2;0,417;0,346;0,755
Jaden McDaniels;30,6;12,1;3,9;1,9;0,517;0,398;0,736
Jaden Shackelford;12,6;6,8;1,5;0,5;0,36;0,353;1,0
Jaden Springer;10,1;4,3;1,4;0,9;0,38;0,176;0,697
Jae Crowder;18,9;6,9;3,8;1,5;0,479;0,436;0,833
Jae'Sean Tate;21,9;9,1;3,8;2,7;0,48;0,283;0,725
Jahvon Blair;3,3;2,5;0,0;0,0;0,333;0,333;0,5
Jai Smith;1,1;0,0;0,0;0,0;0,0;0,0;0,0
Jaime Echenique;18,8;10,4;6,4;0,8;0,533;0,0;0,769
Jaire Grayer;11,0;2,0;3,7;1,7;0,111;0,167;0,5
Jake LaRavia;13,7;3,3;2,0;0,8;0,384;0,33;0,727
Jakob Poeltl;26,5;12,5;9,1;2,7;0,629;0,0;0,592
Jalen Adaway;11,4;3,3;2,3;0,5;0,444;0,0;1,0
Jalen Brunson;35,0;24,0;3,5;6,2;0,491;0,416;0,829
Jalen Crutcher;26,5;6,6;4,0;5,0;0,324;0,235;0,833
Jalen Duren;24,7;9,2;8,6;1,2;0,648;0,0;0,619
Jalen Green;34,2;22,1;3,7;3,7;0,416;0,338;0,786
Jalen Johnson;14,9;5,6;4,0;1,2;0,491;0,288;0,628
Jalen Lecque;10,4;3,6;1,6;0,6;0,333;0,0;0,5
Jalen McDaniels;23,9;9,4;4,3;1,6;0,455;0,332;0,841
Jalen Smith;18,8;9,4;5,8;1,0;0,476;0,283;0,759
Jalen Suggs;23,5;9,9;3,0;2,9;0,419;0,327;0,723
Jalen Williams;29,9;13,9;4,4;3,2;0,52;0,358;0,774
Jamal Cain;14,6;6,0;3,6;0,7;0,533;0,28;0,733
Jamal Murray;32,8;20,0;4,0;6,2;0,454;0,398;0,833
Jamaree Bouyea;23,3;6,1;3,9;3,1;0,283;0,167;0,667
Jamaree Bouyea;14,1;3,0;1,2;0,8;0,429;0,333;0,5
James Akinjo;16,3;3,7;3,3;4,7;0,13;0,286;1,0
James Bouknight;15,2;5,6;2,1;1,2;0,358;0,303;0,667
James Harden;36,8;21,0;6,1;10,7;0,441;0,385;0,867
James Johnson;9,0;2,8;1,7;0,8;0,449;0,2;0,5
James Palmer Jr,;22,5;8,8;3,7;1,3;0,304;0,345;0,6
James Wiseman;19,3;10,0;5,9;0,7;0,558;0,2;0,701
James Wiseman;19,9;10,5;5,5;1,3;0,486;0,333;0,545
Jamorko Pickett;14,3;5,0;2,0;1,3;0,389;0,308;0,5
Jared Butler;26,6;13,8;3,5;6,7;0,319;0,214;0,611
Jared Butler;12,8;6,2;0,7;1,3;0,469;0,5;0,0
Jared Harper;27,1;17,5;1,8;4,3;0,354;0,222;0,78
Jared Rhoden;14,1;3,2;2,6;0,3;0,386;0,25;1,0
Jared Rhoden;23,2;10,6;5,0;1,5;0,451;0,308;0,867
Jared Wilson-Frame;13,5;4,8;2,8;1,3;0,286;0,176;0,0
Jaren Jackson Jr,;28,4;18,6;6,8;1,0;0,506;0,355;0,788
Jarred Vanderbilt;24,1;7,9;7,5;2,4;0,548;0,322;0,691
Jarrell Brantley;21,9;7,6;4,8;1,8;0,5;0,313;0,2
Jarrell Brantley;9,7;5,5;1,5;0,8;0,571;0,444;1,0
Jarrett Allen;32,6;14,3;9,8;1,7;0,644;0,1;0,733
Jarrett Culver;13,7;4,4;3,8;0,6;0,395;0,083;0,692
Jarrod Uthoff;11,8;5,0;5,5;0,0;0,5;0,25;0,0
Jason Preston;11,5;3,8;1,9;2,5;0,426;0,3;0,667
Javante McCoy;19,8;10,3;2,7;2,0;0,5;0,25;0,917
Javin DeLaurier;13,3;2,7;4,7;1,0;0,8;0,0;0,0
Javon Freeman-Liberty;15,2;6,6;2,0;1,8;0,387;0,4;0,625
Javonte Green;15,0;5,2;2,8;0,7;0,565;0,371;0,667
Javonte Smart;27,1;14,2;3,8;3,0;0,3;0,195;0,85
Jaxson Hayes;13,0;5,0;2,8;0,7;0,551;0,103;0,699
Jay Huff;13,6;7,3;3,0;1,4;0,6;0,5;0,938
Jay Huff;18,4;10,5;4,8;1,8;0,577;0,5;0,727
Jay Scrubb;27,1;14,8;4,6;1,6;0,393;0,294;0,84
Jay Scrubb;15,1;6,5;3,0;0,5;0,714;1,0;0,5
Jaylen Brown;35,9;26,6;6,9;3,5;0,491;0,335;0,765
Jaylen Nowell;19,3;10,8;2,6;2,0;0,448;0,289;0,778
Jaylen Sims;13,6;4,0;3,0;1,0;0,444;0,0;0,0
Jaylin Williams;18,6;5,6;5,0;1,7;0,409;0,387;0,703
Jayson Tatum;36,9;30,1;8,8;4,6;0,466;0,35;0,854
Jean Montero;14,6;5,4;1,4;0,8;0,444;0,154;0,5
Jeenathan Williams;12,8;5,6;3,6;1,0;0,474;0,5;0,615
Jeff Dowtin Jr,;12,8;4,3;1,3;1,7;0,495;0,333;0,818
Jeff Green;19,5;7,8;2,6;1,2;0,488;0,288;0,744
Jehyve Floyd;8,8;2,0;3,0;1,0;0,5;0,0;0,0
Jerami Grant;35,6;20,5;4,5;2,4;0,475;0,401;0,813
Jeremiah Robinson-Earl;19,2;7,2;4,6;1,0;0,466;0,32;0,824
Jeremiah Tilmon;9,0;3,3;1,0;0,0;0,8;0,0;0,5
Jeremy Sochan;26,0;11,0;5,3;2,5;0,453;0,246;0,698
Jeriah Horne;13,4;6,7;2,8;0,8;0,471;0,294;0,75
Jericho Sims;16,6;4,1;5,0;0,6;0,781;0,0;0,537
Jermaine Samuels Jr,;9,6;4,7;2,3;1,0;0,8;0,0;1,0
Jerrick Harding;22,8;13,8;3,2;4,0;0,5;0,364;0,778
Jevon Carter;22,4;8,0;2,5;2,4;0,423;0,421;0,816
Jimmy Boeheim;12,5;3,7;1,3;1,0;0,455;0,0;0,5
Jimmy Butler III;33,4;22,9;5,9;5,3;0,539;0,35;0,85
Jo Lual-Acuil Jr,;13,4;6,0;4,8;0,4;0,667;0,0;0,714
Jock Landale;14,2;6,6;4,1;1,0;0,528;0,25;0,752
Joe Harris;20,6;7,6;2,2;1,4;0,457;0,426;0,643
Joe Ingles;22,7;6,9;2,8;3,3;0,435;0,409;0,857
Joe Wieskamp;5,5;1,0;0,4;0,3;0,214;0,25;0,0
Joel Ayayi;20,9;5,2;5,8;2,4;0,407;0,222;1,0
Joel Embiid;34,6;33,1;10,2;4,2;0,548;0,33;0,857
Joel Ntambwe;6,7;0,0;2,0;0,0;0,0;0,0;0,0
John Butler Jr,;11,6;2,4;0,9;0,6;0,321;0,229;0,75
John Butler Jr,;16,7;8,5;3,8;0,0;0,75;0,667;0,571
John Collins;30,0;13,1;6,5;1,2;0,508;0,292;0,803
John Konchar;20,7;5,1;4,3;1,4;0,431;0,339;0,778
John Petty Jr,;24,0;7,2;5,2;2,6;0,293;0,37;0,5
John Wall;22,2;11,4;2,7;5,2;0,407;0,303;0,681
Johnny Davis;16,0;6,1;2,5;1,1;0,37;0,253;0,606
Johnny Juzang;15,3;5,7;2,7;0,5;0,313;0,266;0,733
Jonas Valančiūnas;24,9;14,1;10,2;1,8;0,547;0,349;0,826
Jonathan Isaac;11,3;5,0;4,0;0,5;0,415;0,4;0,556
Jonathan Kuminga;21,1;10,5;3,5;1,9;0,511;0,345;0,616
Jontay Porter;10,2;4,0;2,5;0,8;0,375;0,4;0,0
Jordan Bone;10,8;3,2;1,4;2,2;0,313;0,286;0,8
Jordan Clarkson;32,6;20,8;4,0;4,4;0,444;0,338;0,816
Jordan Goodwin;17,8;6,8;3,4;2,7;0,447;0,333;0,776
Jordan Hall;10,9;3,4;1,6;1,4;0,302;0,212;0,727
Jordan McLaughlin;15,8;3,7;1,4;3,4;0,421;0,308;0,833
Jordan Nwora;19,2;8,7;3,7;1,4;0,436;0,408;0,791
Jordan Poole;30,0;20,4;2,7;4,5;0,43;0,336;0,87
Jordan Schakel;14,7;9,4;2,3;1,0;0,447;0,375;1,0
Jordan Tucker;5,7;1,5;0,3;0,3;0,167;0,2;0,75
Jordan Usher;17,8;3,0;2,6;1,4;0,35;0,167;0,0
Jose Alvarado;21,5;9,0;2,3;3,0;0,411;0,336;0,813
Josh Carlton;16,8;8,0;7,3;1,0;0,545;0,0;0,727
Josh Christopher;12,9;6,4;1,3;1,2;0,456;0,227;0,774
Josh Giddey;30,9;16,3;7,8;6,3;0,478;0,31;0,725
Josh Gray;9,2;0,0;1,0;0,0;0,0;0,0;0,0
Josh Green;25,7;9,1;3,0;1,7;0,537;0,402;0,723
Josh Hall;6,9;2,0;0,8;0,3;0,375;0,25;0,5
Josh Hart;32,3;9,8;7,8;3,8;0,529;0,372;0,75
Josh Minott;11,5;5,4;3,4;0,7;0,427;0,389;0,783
Josh Okogie;18,8;7,3;3,5;1,5;0,391;0,335;0,724
Josh Richardson;23,5;10,1;2,7;2,7;0,431;0,365;0,852
Joshua Primo;25,3;9,7;3,0;4,5;0,34;0,375;0,65
Jrue Holiday;32,6;19,3;5,1;7,4;0,479;0,384;0,859
Juan Toscano-Anderson;13,5;3,0;2,4;1,3;0,448;0,186;0,792
Juancho Hernangomez;14,6;2,9;2,9;0,6;0,421;0,254;0,563
Juhann Begarin;31,1;18,2;5,6;2,4;0,427;0,333;0,769
Jules Bernard;13,1;9,2;3,4;1,4;0,375;0,294;0,944
Julian Champagnie;18,8;9,7;3,5;0,6;0,454;0,402;0,824
Julian Champagnie;16,7;3,7;4,3;0,7;0,227;0,125;0,5
Julius Randle;35,5;25,1;10,0;4,1;0,459;0,343;0,757
Justin Bean;12,2;2,0;3,5;0,3;0,308;0,0;0,0
Justin Champagnie;6,9;2,2;1,6;0,8;0,333;0,2;0,0
Justin Gorham;15,2;6,0;4,5;0,5;0,45;0,273;0,75
Justin Holiday;15,4;4,5;1,2;0,9;0,377;0,322;0,625
Justin Jackson;7,6;2,7;1,1;0,7;0,366;0,292;0,667
Justin Jackson;24,9;10,0;4,0;2,0;0,25;0,25;1,0
Justin James;18,0;13,0;3,6;0,4;0,478;0,333;0,833
Justin Lewis;22,5;7,0;4,4;1,2;0,457;0,0;0,429
Justin Minaya;22,2;4,3;3,8;1,0;0,304;0,25;0,0
Justin Minaya;9,8;4,3;1,3;0,3;0,5;0,333;1,0
Justin Robinson;20,8;10,2;2,2;3,3;0,4;0,346;0,8
Justin Smith;15,0;5,0;4,4;1,2;0,571;0,0;0,25
Justin Tillman;22,1;11,5;3,5;0,5;0,538;0,0;0,8
Justin Turner;12,7;4,3;0,3;0,3;0,455;0,25;0,667
Justin Wright-Foreman;9,7;6,0;0,7;0,3;0,412;0,2;0,75
Justinian Jessup;18,1;6,4;1,8;0,6;0,419;0,235;1,0
Justise Winslow;26,8;6,8;5,0;3,4;0,409;0,311;0,714
Jusuf Nurkić;26,8;13,3;9,1;2,9;0,519;0,361;0,661
KJ Martin;28,0;12,7;5,5;1,5;0,569;0,315;0,68
KZ Okpala;7,1;1,3;1,0;0,4;0,421;0,333;0,875
Kahlil Whitney;11,7;4,0;1,5;0,0;0,333;0,0;1,0
Kai Jones;12,7;3,9;3,0;0,4;0,525;0,143;0,73
Kaiser Gates;16,4;3,6;2,4;0,4;0,294;0,231;0,833
Kalob Ledoux;13,1;2,3;3,0;1,7;0,273;0,25;0,0
Kameron McGusty;13,6;5,5;2,5;0,5;0,4;0,286;0,8
Kameron Taylor;17,2;5,8;3,0;1,6;0,423;0,3;0,571
Karim Jallow;9,4;1,0;1,6;0,2;0,071;0,0;0,75
Karl-Anthony Towns;33,0;20,8;8,1;4,8;0,495;0,366;0,874
Karlo Matković;17,0;4,0;5,0;1,0;0,5;0,0;1,0
Kawhi Leonard;33,6;23,8;6,5;3,9;0,512;0,416;0,871
Keaton Wallace;15,3;2,4;1,4;1,0;0,091;0,0;0,909
Keegan Murray;29,9;13,0;4,9;1,2;0,459;0,411;0,788
Keita Bates-Diop;21,7;9,7;3,7;1,5;0,508;0,394;0,793
Keldon Johnson;32,8;22,0;5,0;2,9;0,452;0,329;0,749
Kellan Grady;15,7;5,5;1,3;1,3;0,345;0,143;0,0
Kelly Olynyk;28,6;12,5;6,2;3,7;0,499;0,394;0,853
Kelly Oubre Jr,;32,2;20,3;5,2;1,1;0,431;0,319;0,76
Kemba Walker;16,0;8,0;1,8;2,1;0,421;0,25;0,81
Kendall Brown;13,2;5,1;2,3;1,1;0,511;0,286;0,462
Kendrick Nunn;13,8;7,1;1,6;1,3;0,424;0,354;0,854
Kennedy Chandler;10,5;3,3;1,4;2,1;0,384;0,143;0,593
Kenneth Lofton Jr,;10,4;7,2;3,1;1,1;0,545;0,324;0,66
Kenrich Williams;22,8;8,0;4,9;2,0;0,517;0,373;0,436
Kentavious Caldwell-Pope;31,3;10,8;2,7;2,4;0,462;0,423;0,824
Keon Ellis;11,6;4,5;1,4;1,3;0,44;0,457;0,773
Keon Johnson;12,7;5,8;1,4;1,5;0,393;0,343;0,667
Kessler Edwards;10,7;2,8;1,7;0,6;0,387;0,309;0,733
Kessler Edwards;25,8;10,2;4,0;0,8;0,435;0,474;0,5
Kevarrius Hayes;10,7;2,5;2,0;0,0;0,25;0,0;0,6
Keve Aluma;8,5;2,0;1,5;0,0;0,6;0,667;0,0
Kevin Durant;35,6;29,1;6,7;5,0;0,56;0,404;0,919
Kevin Huerter;29,4;15,2;3,3;2,9;0,485;0,402;0,725
Kevin Kangu;23,8;3,0;1,0;0,0;0,1;0,2;0,0
Kevin Knox II;15,1;6,6;2,8;0,5;0,458;0,349;0,767
Kevin Love;20,0;8,2;6,4;1,9;0,389;0,334;0,879
Kevin Porter Jr,;34,3;19,2;5,3;5,7;0,442;0,366;0,784
Kevin Zhang;5,7;4,3;0,5;0,3;0,364;0,5;0,8
Kevon Harris;13,4;4,1;2,1;0,5;0,439;0,372;0,756
Kevon Harris;27,1;15,8;2,8;2,0;0,577;0,458;0,727
Kevon Looney;23,9;7,0;9,3;2,5;0,63;0,0;0,606
Khem Birch;8,1;2,2;1,3;0,4;0,594;0,5;0,8
Khris Middleton;24,3;15,1;4,2;4,9;0,436;0,315;0,902
Killian Hayes;28,3;10,3;2,9;6,2;0,377;0,28;0,817
Kira Lewis Jr,;9,4;4,6;1,3;0,9;0,455;0,441;0,864
Klay Thompson;33,0;21,9;4,1;2,4;0,436;0,412;0,879
Kobi Simmons;5,6;1,0;0,8;1,0;0,167;0,2;1,0
Kofi Cockburn;18,1;7,0;8,0;0,8;0,543;0,0;0,444
Kris Dunn;25,8;13,2;4,5;5,6;0,537;0,472;0,774
Kristaps Porziņģis;32,6;23,2;8,4;2,7;0,498;0,385;0,851
Kwan Cheatham Jr,;17,7;6,0;2,5;1,0;0,333;0,182;0,0
Ky Bowman;17,6;8,3;2,0;1,0;0,474;0,556;0,667
Kyle Alexander;16,4;7,5;5,0;0,8;0,765;0,0;0,8
Kyle Allman Jr,;23,9;11,1;3,5;4,0;0,35;0,29;0,706
Kyle Anderson;28,4;9,4;5,3;4,9;0,509;0,41;0,735
Kyle Foster;13,8;4,0;1,3;1,3;0,333;0,4;0,0
Kyle Kuzma;35,0;21,2;7,2;3,7;0,448;0,333;0,73
Kyle Lowry;31,2;11,2;4,1;5,1;0,404;0,345;0,859
Kyler Edwards;8,6;2,3;1,8;0,5;0,5;0,5;1,0
Kyrie Irving;37,3;27,1;5,1;5,5;0,494;0,379;0,905
LJ Figueroa;23,7;8,8;4,4;2,8;0,692;0,545;0,667
LaMelo Ball;35,2;23,3;6,4;8,4;0,411;0,376;0,843
Lamar Stevens;18,1;5,3;3,3;0,5;0,448;0,316;0,702
Landry Shamet;20,2;8,7;1,7;2,3;0,377;0,377;0,882
Larry Nance Jr,;21,2;6,8;5,4;1,8;0,61;0,333;0,696
Lauri Markkanen;34,4;25,6;8,6;1,9;0,499;0,391;0,875
LeBron James;35,5;28,9;8,3;6,8;0,5;0,321;0,768
Leandro Bolmaro;10,7;2,9;1,3;0,9;0,277;0,2;0,571
Leonardo Meindl;12,8;5,6;2,8;0,6;0,391;0,364;0,857
Lester Quinones;13,8;3,9;2,9;0,6;0,355;0,35;0,75
Lester Quinones;24,2;9,7;4,7;0,0;0,37;0,357;0,667
LiAngelo Ball;11,5;6,0;2,0;0,7;0,444;0,182;0,0
Lindell Wigginton;17,7;11,8;1,6;3,1;0,516;0,409;0,763
Lindy Waters III;13,0;5,3;1,8;0,7;0,39;0,355;0,808
Lonnie Walker IV;23,2;11,7;1,9;1,1;0,448;0,365;0,858
Louis King;23,7;13,4;5,4;1,6;0,373;0,258;0,75
Louis King;28,8;20,0;4,0;2,0;0,615;0,5;0,0
Luca Vildoza;15,8;6,0;2,3;1,7;0,353;0,222;1,0
Lucas Williamson;3,5;1,5;0,0;0,5;0,25;0,333;0,0
Luguentz Dort;30,7;13,7;4,6;2,1;0,388;0,33;0,772
Luka Dončić;36,2;32,4;8,6;8,0;0,496;0,342;0,742
Luka Garza;8,7;6,5;2,3;0,6;0,543;0,359;0,788
Luka Garza;14,2;6,5;3,8;0,0;0,421;0,5;0,889
Luka Samanic;23,0;9,9;4,3;2,1;0,456;0,258;0,692
Luke Kennard;22,3;9,3;2,7;1,5;0,492;0,494;0,949
Luke Kornet;11,7;3,8;2,9;0,8;0,665;0,231;0,821
Luke Travers;23,5;6,6;4,6;1,8;0,48;0,25;0,545
M,J, Walker Jr,;4,7;2,0;1,0;0,3;0,6;0,0;0,0
Mac McClung;24,4;13,4;3,6;4,8;0,456;0,5;0,818
Mac McClung;20,5;12,5;5,0;4,5;0,45;0,364;0,6
Mac McClung;17,2;13,0;3,5;1,5;0,643;0,0;0,727
Makur Maker;12,0;7,2;3,4;0,4;0,526;0,444;0,667
Malachi Flynn;13,0;4,6;1,4;1,3;0,36;0,353;0,758
Malaki Branham;23,8;10,6;2,8;1,9;0,439;0,313;0,815
Malcolm Brogdon;26,0;14,9;4,2;3,7;0,484;0,444;0,87
Malcolm Hill;13,4;7,0;2,2;0,6;0,468;0,455;0,889
Malik Beasley;25,8;12,7;3,5;1,5;0,395;0,357;0,769
Malik Ellison;19,1;7,0;3,8;1,0;0,625;0,0;1,0
Malik Monk;22,3;13,5;2,6;3,9;0,448;0,359;0,889
Malik Osborne;10,5;6,5;2,8;0,0;0,818;0,667;1,0
Mamadi Diakite;8,0;2,6;1,4;0,4;0,48;0,333;1,0
Manny Camper;10,7;0,0;3,5;1,0;0,0;0,0;0,0
MarJon Beauchamp;14,6;5,8;2,3;0,8;0,4;0,349;0,702
Marcus Bingham Jr,;15,8;5,4;4,2;0,6;0,333;0,154;0,7
Marcus Burk;10,9;3,0;1,0;0,0;0,3;0,0;0,0
Marcus Garrett;24,4;7,3;4,3;1,3;0,316;0,25;0,563
Marcus Georges-Hunt;18,7;3,3;2,5;0,8;0,294;0,0;0,75
Marcus Graves;8,5;3,0;2,0;1,5;0,5;0,0;1,0
Marcus Morris Sr,;28,1;11,2;4,0;1,8;0,426;0,365;0,782
Marcus Smart;32,1;11,5;3,1;6,3;0,415;0,336;0,746
Marial Shayok;21,4;7,0;3,8;4,5;0,346;0,091;1,0
Mark Williams;19,3;8,8;7,1;0,5;0,614;0,0;0,689
Markelle Fultz;29,6;14,0;3,9;5,7;0,514;0,31;0,783
Markieff Morris;10,1;3,8;2,0;0,9;0,409;0,394;1,0
Marko Simonovic;11,8;7,0;3,8;0,8;0,485;0,133;0,75
Marvin Bagley III;23,6;12,0;6,4;0,9;0,529;0,288;0,75
Mason Jones;22,0;9,6;3,4;3,1;0,381;0,346;0,87
Mason Plumlee;26,0;10,8;8,9;3,1;0,68;0,0;0,636
Matisse Thybulle;16,9;4,1;2,0;0,7;0,435;0,365;0,679
Matt Coleman III;15,8;5,9;1,9;2,7;0,485;0,375;0,6
Matt Hurt;10,1;4,3;2,3;0,0;0,556;0,429;0,0
Matt Lewis;20,6;9,2;2,8;1,0;0,381;0,261;0,667
Matt Mitchell;22,2;9,5;3,5;1,8;0,387;0,444;0,857
Matt Ryan;9,1;3,6;0,8;0,5;0,37;0,381;0,833
Matt Ryan;22,9;19,0;1,5;0,5;0,55;0,526;1,0
Matteo Spagnolo;15,5;3,2;1,4;1,8;0,304;0,111;0,5
Matthew Dellavedova;6,6;1,5;0,4;1,3;0,34;0,333;0,571
Max Christie;14,3;3,8;2,4;0,7;0,36;0,356;0,842
Max Strus;28,4;11,5;3,2;2,1;0,41;0,35;0,876
Maxi Kleber;25,1;5,9;3,6;1,4;0,456;0,348;0,711
Mbaye N'Diaye;11,3;5,5;2,0;1,0;0,5;1,0;0,4
McKinley Wright IV;12,4;4,2;1,7;2,1;0,469;0,321;0,684
McKinley Wright IV;23,9;8,4;4,6;5,6;0,389;0,333;0,688
Melvin Frazier Jr,;12,5;3,0;1,7;0,7;0,429;0,0;1,0
Meyers Leonard;12,6;4,8;3,8;0,1;0,483;0,389;0,889
Mfiondu Kabengele;17,7;8,9;5,7;1,3;0,547;0,333;0,8
Micah Potter;7,5;3,4;2,3;0,6;0,667;0,571;0,0
Micah Potter;11,2;5,6;2,8;0,6;0,591;0,0;0,5
Michael Carter-Williams;11,1;4,3;1,3;1,8;0,429;0,333;0,571
Michael Devoe;11,5;3,3;0,5;0,8;0,267;0,167;0,667
Michael Foster Jr,;13,0;5,1;4,1;0,1;0,444;0,333;0,538
Michael Porter Jr,;29,0;17,4;5,5;1,0;0,487;0,414;0,8
Mikal Bridges;35,7;20,1;4,4;3,3;0,468;0,382;0,895
Mike Conley;30,3;11,9;2,7;6,7;0,428;0,385;0,834
Mike Muscala;15,0;6,1;3,2;0,8;0,449;0,391;0,769
Miles McBride;13,1;4,4;1,0;1,4;0,387;0,309;0,754
Mitchell Robinson;26,9;7,4;9,4;0,9;0,671;0,0;0,484
Miye Oni;17,4;2,4;2,0;1,2;0,167;0,188;0,5
Mo Bamba;15,7;6,6;4,6;0,9;0,485;0,387;0,661
Montrezl Harrell;11,9;5,6;2,8;0,6;0,598;0,0;0,693
Monté Morris;27,4;10,3;3,4;5,3;0,48;0,382;0,831
Moritz Wagner;19,5;10,5;4,5;1,5;0,5;0,313;0,841
Moses Brown;8,2;4,3;3,9;0,1;0,635;0,0;0,458
Moses Moody;13,9;5,7;1,7;0,9;0,456;0,348;0,759
Moses Wright;19,0;15,5;6,8;1,5;0,525;0,375;0,773
Moussa Diabaté;10,2;3,3;2,7;0,2;0,544;0,667;0,56
Mychal Mulder;23,6;10,7;2,5;0,5;0,333;0,302;0,818
Myles Powell;12,4;7,0;1,3;2,0;0,318;0,333;0,75
Myles Turner;29,4;18,0;7,5;1,4;0,548;0,373;0,783
Naji Marshall;23,4;9,1;3,6;2,5;0,427;0,295;0,787
Nassir Little;18,1;6,6;2,6;0,9;0,442;0,367;0,717
Nate Hinton;13,7;5,0;3,5;2,0;0,381;0,167;0,429
Nate Pierre-Louis;16,1;4,4;4,1;1,3;0,464;0,333;0,429
Nate Reuvers;11,6;3,5;2,5;0,5;0,3;0,0;0,5
Nate Sestina;15,7;4,1;3,0;1,4;0,385;0,231;0,75
Nate Williams;25,3;10,6;3,0;2,0;0,615;0,375;0,667
Nathan Knight;7,7;3,7;1,5;0,3;0,568;0,364;0,684
Naz Reid;18,4;11,5;4,9;1,1;0,537;0,346;0,677
Neemias Queta;16,4;8,3;4,8;0,9;0,612;1,0;0,516
Nerlens Noel;11,5;2,1;2,7;0,6;0,361;0,5;0,667
Nic Claxton;29,9;12,6;9,2;1,9;0,705;0,0;0,541
Nick Richards;18,9;8,4;6,5;0,6;0,629;1,0;0,749
Nickeil Alexander-Walker;15,0;6,2;1,7;1,8;0,444;0,384;0,667
Nicolas Batum;21,9;6,1;3,8;1,6;0,42;0,391;0,708
Nikola Jokić;33,7;24,5;11,8;9,8;0,632;0,383;0,822
Nikola Jović;14,9;6,1;2,7;0,6;0,41;0,286;0,87
Nikola Vučević;33,5;17,6;11,0;3,2;0,52;0,349;0,835
Noah Kirkwood;10,9;4,0;1,5;0,8;0,6;0,571;0,0
Noah Vonleh;7,5;1,1;2,1;0,3;0,458;0,25;1,0
Norman Powell;26,1;17,0;2,9;1,8;0,479;0,397;0,812
OG Anunoby;35,6;16,8;5,0;2,0;0,476;0,387;0,838
Obi Toppin;15,7;7,4;2,8;1,0;0,446;0,344;0,809
Ochai Agbaji;20,5;7,9;2,1;1,1;0,427;0,355;0,812
Ochai Agbaji;31,0;15,0;4,8;2,3;0,373;0,375;0,909
Olivier Sarr;12,6;4,0;3,4;0,4;0,5;0,125;0,714
Olivier Sarr;14,2;8,0;8,0;1,0;0,533;0,0;0,8
Omer Yurtseven;9,2;4,4;2,6;0,2;0,593;0,429;0,833
Onyeka Okongwu;23,1;9,9;7,2;1,0;0,638;0,308;0,781
Orlando Robinson;15,3;4,7;4,7;0,8;0,504;0,083;0,745
Oshae Brissett;16,7;6,1;3,4;0,7;0,386;0,31;0,717
Otto Porter Jr,;18,3;5,5;2,4;1,0;0,5;0,353;1,0
Ousmane Dieng;15,5;5,4;2,9;1,2;0,403;0,252;0,625
P,J, Tucker;25,6;3,5;3,9;0,8;0,427;0,393;0,826
P,J, Washington;32,6;15,7;4,9;2,4;0,444;0,348;0,73
PJ Dozier;5,0;1,4;0,9;0,6;0,303;0,125;0,0
Paolo Banchero;33,6;20,0;6,9;3,8;0,426;0,301;0,74
Paris Bass;16,2;8,1;3,1;0,4;0,431;0,2;0,684
Pascal Siakam;37,4;24,2;7,8;5,8;0,48;0,324;0,774
Pat Connaughton;23,7;7,6;4,6;1,3;0,392;0,339;0,659
Pat Spencer;13,1;6,0;3,8;4,0;0,474;0,2;0,714
Patrick Baldwin Jr,;7,3;3,9;1,3;0,4;0,394;0,381;0,667
Patrick Beverley;27,1;6,2;3,7;2,9;0,4;0,335;0,723
Patrick Williams;28,3;10,2;4,0;1,2;0,464;0,415;0,857
Patty Mills;14,2;6,2;1,1;1,4;0,411;0,366;0,833
Paul George;34,6;23,8;6,1;5,1;0,457;0,371;0,871
Paul Reed;11,5;4,5;4,0;0,4;0,585;0,273;0,746
Payton Pritchard;13,4;5,6;1,8;1,3;0,412;0,364;0,75
Payton Willis;18,1;4,7;1,7;0,6;0,462;0,412;0,4
Perrion Callandret;6,3;0,0;0,5;0,5;0,0;0,0;0,0
Peyton Watson;11,0;4,2;2,3;0,6;0,405;0,258;0,484
Pierria Henry;14,7;2,5;1,8;3,8;0,273;0,25;1,0
Precious Achiuwa;20,7;9,2;6,0;0,9;0,485;0,269;0,702
Quentin Grimes;29,9;12,0;3,3;2,2;0,462;0,377;0,767
Quenton Jackson;14,4;7,2;0,8;1,4;0,492;0,133;0,844
Quinndary Weatherspoon;25,5;10,8;4,2;1,4;0,543;0,3;0,929
Quinton Rose;3,9;1,3;1,3;0,0;0,167;0,0;0,667
R,J, Cole;13,1;3,4;1,8;1,2;0,353;0,333;1,0
R,J, Hampton;15,9;6,4;1,9;1,1;0,43;0,353;0,75
R,J, Hampton;28,6;12,0;7,5;2,0;0,4;0,0;0,667
RJ Barrett;33,9;19,6;5,0;2,8;0,434;0,31;0,74
RaiQuan Gray;26,6;8,5;7,8;2,7;0,405;0,313;0,857
Raul Neto;10,5;3,3;1,0;1,6;0,518;0,286;0,912
Rayjon Tucker;19,1;6,0;3,6;2,8;0,429;0,417;1,0
Reggie Bullock Jr,;30,3;7,2;3,6;1,4;0,409;0,38;0,703
Reggie Jackson;24,4;10,2;2,1;3,4;0,411;0,333;0,91
Reggie Perry;17,9;11,4;4,4;0,6;0,463;0,5;0,867
Richaun Holmes;8,3;3,1;1,9;0,2;0,618;0,625;0,789
Ricky Rubio;17,2;5,2;2,1;3,5;0,343;0,256;0,8
Robert Baker;21,9;9,0;3,0;0,0;0,375;0,5;0,5
Robert Covington;16,2;6,0;3,5;1,2;0,445;0,397;0,75
Robert Franks;8,9;2,5;0,5;0,3;0,429;0,333;1,0
Robert Williams III;23,5;8,0;8,3;1,4;0,747;0,0;0,61
Robert Woodard II;18,8;5,4;6,4;0,8;0,243;0,077;0,571
Robin Lopez;8,1;3,0;1,4;0,5;0,64;0,5;0,778
Rodions Kurucs;21,7;5,8;4,5;1,8;0,476;0,167;0,667
Rodney McGruder;16,4;5,7;2,3;0,9;0,408;0,423;0,818
Romeo Langford;19,6;6,9;2,7;1,2;0,467;0,262;0,696
Romeo Weems;13,5;3,6;2,8;0,4;0,278;0,333;0,833
Ron Harper Jr,;12,0;4,7;2,3;0,4;0,426;0,25;0,923
Ronaldo Segu;9,3;6,8;1,0;1,5;0,478;0,25;0,667
Royce O'Neale;31,7;8,8;5,1;3,7;0,386;0,389;0,725
Ruben Nembhard Jr,;27,9;14,8;4,0;4,2;0,475;0,364;0,75
Rudy Gay;14,6;5,2;2,9;1,0;0,38;0,254;0,857
Rudy Gobert;30,7;13,4;11,6;1,2;0,659;0,0;0,644
Rui Hachimura;23,3;11,2;4,5;0,9;0,486;0,319;0,739
Russell Westbrook;29,1;15,9;5,8;7,5;0,436;0,311;0,656
Ryan Arcidiacono;8,6;1,3;0,8;1,2;0,243;0,348;0,0
Ryan Hawkins;14,4;7,7;3,3;0,3;0,381;0,353;1,0
Ryan Hawkins;12,7;3,0;2,0;0,0;0,25;0,25;0,0
Ryan Rollins;5,2;1,9;1,0;0,5;0,35;0,333;1,0
Saben Lee;14,9;6,0;1,8;2,7;0,405;0,367;0,737
Saben Lee;24,9;12,0;1,5;3,5;0,308;0,333;0,824
Sacha Killeya-Jones;19,1;6,8;5,0;1,3;0,463;0,333;0,0
Saddiq Bey;27,6;13,8;4,7;1,5;0,422;0,361;0,861
Sam Hauser;16,3;6,5;2,5;0,9;0,446;0,41;0,75
Sam Merrill;11,7;5,0;1,8;1,0;0,409;0,278;1,0
Sandro Mamukelashvili;15,3;6,1;4,3;1,4;0,422;0,303;0,684
Sandro Mamukelashvili;27,9;17,0;8,8;2,4;0,45;0,476;0,7
Santi Aldama;22,1;9,5;5,0;1,3;0,482;0,357;0,744
Sasha Stefanovic;16,2;3,0;1,0;4,0;0,167;0,25;0,0
Scottie Barnes;34,8;15,3;6,6;4,8;0,456;0,281;0,772
Scotty Pippen Jr,;15,0;7,6;2,4;2,9;0,351;0,219;0,727
Sean McDermott;11,8;5,7;1,1;0,7;0,519;0,421;1,0
Selom Mawugbe;14,1;0,5;3,5;0,5;0,0;0,0;0,5
Serge Ibaka;11,6;4,1;2,8;0,3;0,481;0,333;0,615
Seth Curry;19,8;9,2;1,6;1,6;0,463;0,405;0,927
Shaedon Sharpe;22,0;9,8;2,9;1,2;0,472;0,358;0,714
Shai Gilgeous-Alexander;35,5;31,4;4,8;5,5;0,51;0,345;0,905
Shake Milton;20,6;8,4;2,5;3,2;0,479;0,378;0,853
Shaq Buchanan;16,2;5,2;3,2;1,8;0,314;0,25;1,0
Shaquille Harrison;24,0;8,8;4,4;6,0;0,417;0,3;0,733
Shareef O'Neal;10,9;4,7;3,7;0,3;0,478;0,0;0,6
Sharife Cooper;20,9;4,4;1,2;4,2;0,189;0,182;0,667
Simisola Shittu;11,6;4,6;4,8;0,4;0,55;0,0;0,143
Simone Fontecchio;14,7;6,3;1,7;0,8;0,369;0,33;0,795
Sindarius Thornwell;19,3;5,8;2,0;1,4;0,526;0,545;1,0
Skylar Mays;31,5;15,3;3,2;8,3;0,5;0,462;0,923
Spencer Dinwiddie;34,5;17,3;3,4;6,5;0,438;0,369;0,812
Stanley Johnson;15,6;5,8;3,2;2,2;0,533;0,45;0,667
Stanley Umude;15,3;9,0;2,0;1,0;0,467;0,421;0,9
Stephen Curry;34,7;29,4;6,1;6,3;0,493;0,427;0,915
Sterling Brown;6,1;0,0;2,0;0,5;0,0;0,0;0,0
Steven Adams;27,0;8,6;11,5;2,3;0,597;0,0;0,364
Svi Mykhailiuk;14,6;6,9;1,7;1,7;0,445;0,424;0,667
Sylvain Francisco;10,3;4,5;2,0;2,5;0,25;0,333;0,75
T,J, McConnell;20,4;8,7;3,1;5,3;0,543;0,441;0,853
T,J, Warren;16,4;7,5;2,9;1,0;0,489;0,328;0,8
TJ Starks;16,0;7,0;0,0;0,0;0,667;0,0;0,75
Tacko Fall;13,8;6,5;7,8;1,0;0,526;0,0;0,5
Tahjere McCall;15,6;8,0;2,3;1,0;0,8;0,5;0,636
Taj Gibson;9,8;3,4;1,9;0,7;0,52;0,333;0,714
Talen Horton-Tucker;20,2;10,7;3,2;3,8;0,419;0,286;0,75
Tamenang Choh;8,0;2,5;1,5;0,5;1,0;0,0;0,333
Tari Eason;21,9;9,7;6,3;1,1;0,448;0,342;0,755
Taurean Prince;22,1;9,1;2,4;1,6;0,467;0,381;0,844
Taze Moore;7,9;1,3;0,8;0,8;0,5;0,333;0,0
Teddy Allen;13,9;3,5;3,0;0,5;0,143;0,0;0,714
Terance Mann;23,1;8,8;3,4;2,3;0,519;0,389;0,78
Terence Davis;13,1;6,7;2,2;1,0;0,423;0,366;0,791
Terrell Brown Jr,;16,6;10,0;1,7;1,0;0,455;0,429;0,636
Terrence Ross;21,1;8,3;2,4;1,5;0,43;0,368;0,794
Terry Rozier;35,3;21,1;4,1;5,1;0,415;0,327;0,809
Terry Taylor;8,5;2,9;1,5;0,3;0,52;0,263;0,545
Terry Taylor;25,2;13,7;7,7;1,0;0,571;1,0;0,727
Tevin Brown;10,3;4,0;1,0;0,5;0,333;0,25;0,0
Thaddeus Young;14,7;4,4;3,1;1,4;0,545;0,176;0,692
Thanasis Antetokounmpo;5,6;1,4;1,2;0,4;0,435;0,0;0,5
Theo Maledon;19,4;6,7;2,8;3,5;0,402;0,295;0,851
Theo Pinson;8,1;2,4;1,6;1,2;0,356;0,355;0,846
Thomas Bryant;18,3;9,8;5,7;0,5;0,623;0,441;0,738
Tim Hardaway Jr,;30,3;14,4;3,5;1,8;0,401;0,385;0,77
Timothy Soares;6,8;4,5;1,0;0,0;0,667;0,333;0,0
Tobias Harris;32,9;14,7;5,7;2,5;0,501;0,389;0,876
Tommy Kuhse;23,2;17,3;2,0;3,3;0,583;0,4;1,0
Tony Bradley;2,8;1,6;0,9;0,1;0,5;0,6;1,0
Torrey Craig;24,7;7,4;5,4;1,5;0,456;0,395;0,711
Trae Young;34,8;26,2;3,0;10,2;0,429;0,335;0,886
Tre Jones;29,2;12,9;3,6;6,6;0,459;0,285;0,86
Tre Mann;18,2;7,9;2,5;1,9;0,383;0,309;0,783
Tremont Waters;19,9;9,8;2,3;3,8;0,462;0,286;0,917
Trendon Watford;19,8;7,9;4,1;2,1;0,539;0,363;0,717
Trent Forrest;12,0;2,3;1,6;1,7;0,417;0,0;0,667
Trevelin Queen;24,0;12,0;4,4;3,1;0,333;0,25;0,95
Trevelin Queen;10,0;3,0;2,4;0,9;0,241;0,133;1,0
Trevion Williams;14,2;7,4;6,6;1,8;0,457;0,25;0,8
Trevor Hudgins;12,5;3,6;0,7;1,1;0,27;0,281;1,0
Trevor Keels;17,2;4,0;3,1;1,6;0,255;0,208;0,6
Trey Lyles;16,9;7,6;4,1;0,9;0,458;0,363;0,815
Trey McGowens;3,9;0,0;0,5;0,5;0,0;0,0;0,0
Trey Murphy III;31,0;14,8;3,6;1,4;0,484;0,402;0,903
Trey Porter;10,1;3,3;1,3;1,0;0,833;0,0;0,0
Trhae Mitchell;18,8;2,6;2,4;1,4;0,357;0,125;0,5
Troy Brown Jr,;24,5;7,1;4,1;1,3;0,43;0,381;0,872
Ty Jerome;18,1;6,9;1,7;3,0;0,488;0,389;0,927
Ty-Shon Alexander;21,8;8,0;2,4;2,0;0,298;0,25;0,833
TyTy Washington Jr,;15,7;5,3;1,8;1,8;0,365;0,25;0,577
Tyler Bey;14,2;4,8;3,2;0,2;0,538;0,2;0,818
Tyler Dorsey;2,8;3,0;0,7;0,0;0,8;0,5;0,0
Tyler Hall;16,1;9,7;1,7;1,0;0,474;0,444;0,75
Tyler Herro;34,9;20,1;5,4;4,2;0,439;0,378;0,934
Tyrese Haliburton;33,6;20,7;3,7;10,4;0,49;0,4;0,871
Tyrese Martin;9,1;4,3;1,4;0,6;0,438;0,24;0,737
Tyrese Maxey;33,6;20,3;2,9;3,5;0,481;0,434;0,845
Tyrique Jones;20,8;7,4;10,2;2,6;0,577;0,0;0,636
Tyson Carter;17,9;10,4;4,0;1,4;0,452;0,45;0,833
Tyson Etienne;16,7;10,2;1,6;0,6;0,395;0,37;0,778
Tyus Jones;24,2;10,3;2,5;5,2;0,438;0,371;0,806
Udoka Azubuike;10,0;3,5;3,3;0,3;0,819;0,0;0,35
Udonis Haslem;10,3;3,9;1,6;0,0;0,345;0,333;0,8
Usman Garuba;12,9;3,0;4,1;0,9;0,486;0,407;0,617
Vernon Carey Jr,;2,6;0,5;1,0;0,3;0,25;0,0;1,0
Vernon Carey Jr,;18,0;11,0;6,3;0,3;0,571;0,0;0,9
Vic Law;16,9;3,3;3,7;0,3;0,176;0,4;0,286
Victor Oladipo;26,3;10,7;3,0;3,5;0,397;0,33;0,747
Vince Williams Jr,;11,1;2,7;1,5;0,6;0,329;0,208;0,75
Vincent Edwards;4,0;0,0;1,0;0,0;0,0;0,0;0,0
Vitto Brown;15,5;7,5;2,3;0,7;0,529;0,462;0,75
Vlatko Čančar;14,8;5,0;2,1;1,3;0,476;0,374;0,927
Vrenz Bleijenbergh;5,6;0,8;1,3;0,3;0,143;0,167;0,0
Vít Krejčí;5,7;1,2;0,9;0,6;0,405;0,238;0,5
Vít Krejčí;19,1;7,5;3,3;1,8;0,486;0,381;1,0
Walker Kessler;23,0;9,2;8,4;0,9;0,72;0,333;0,516
Wendell Carter Jr,;29,6;15,2;8,7;2,3;0,525;0,356;0,738
Wendell Moore Jr,;8,4;3,0;1,2;0,8;0,381;0,2;0,909
Wenyen Gabriel;15,1;5,5;4,2;0,5;0,596;0,278;0,619
Wesley Matthews;15,8;3,4;2,2;0,7;0,363;0,315;0,857
Will Barton;17,7;6,8;2,4;2,0;0,379;0,367;0,787
Willy Hernangomez;12,0;6,9;4,7;0,9;0,527;0,273;0,779
Xavier Cooks;12,6;3,8;3,8;0,6;0,607;0,0;0,4
Xavier Moon;14,7;4,7;3,0;2,7;0,378;0,364;0,444
Xavier Sneed;23,2;9,8;4,0;0,4;0,333;0,353;0,84
Xavier Sneed;12,1;4,3;1,3;1,3;0,5;0,5;1,0
Xavier Tillman;19,6;7,3;5,0;1,7;0,59;0,19;0,592
Yudai Baba;11,0;2,8;2,8;0,3;0,188;0,0;1,0
Yuta Watanabe;16,0;5,6;2,4;0,8;0,491;0,444;0,723
Yves Pons;6,8;1,7;1,3;0,0;0,333;0,0;0,5
Zach Collins;22,9;11,6;6,4;2,9;0,518;0,374;0,761
Zach Hankins;16,2;6,3;5,3;1,0;0,571;0,0;0,5
Zach LaVine;35,9;24,8;4,5;4,2;0,485;0,375;0,848
Zavier Simpson;22,6;8,2;4,2;6,2;0,357;0,286;0,6
Zeke Nnaji;13,7;5,2;2,6;0,3;0,561;0,262;0,645
Ziaire Williams;16,2;6,9;2,5;1,4;0,435;0,273;0,732
Zion Williamson;33,0;26,0;7,0;4,6;0,608;0,368;0,714
Zylan Cheatham;19,1;6,2;4,4;1,8;0,647;0,333;0,615
